/Volumes/Post_Ready/zProd_Server/imageServer7/var/consignment/116428/322411901.jpg,/Volumes/Post_Ready/zProd_Server/imageServer7/var/consignment/116428/1016.jpg
/Volumes/Post_Ready/zProd_Server/imageServer7/var/consignment/116428/322411901_2.jpg,/Volumes/Post_Ready/zProd_Server/imageServer7/var/consignment/116428/1016b.jpg
/Volumes/Post_Ready/zProd_Server/imageServer7/var/consignment/116428/322412001.jpg,/Volumes/Post_Ready/zProd_Server/imageServer7/var/consignment/116428/1017.jpg
/Volumes/Post_Ready/zProd_Server/imageServer7/var/consignment/116428/322412001_2.jpg,/Volumes/Post_Ready/zProd_Server/imageServer7/var/consignment/116428/1017b.jpg
/Volumes/Post_Ready/zProd_Server/imageServer7/var/consignment/116428/322412101.jpg,/Volumes/Post_Ready/zProd_Server/imageServer7/var/consignment/116428/1032.jpg
/Volumes/Post_Ready/zProd_Server/imageServer7/var/consignment/116428/322412201.jpg,/Volumes/Post_Ready/zProd_Server/imageServer7/var/consignment/116428/1033.jpg
/Volumes/Post_Ready/zProd_Server/imageServer7/var/consignment/116428/322412301.jpg,/Volumes/Post_Ready/zProd_Server/imageServer7/var/consignment/116428/1042.jpg
/Volumes/Post_Ready/zProd_Server/imageServer7/var/consignment/116428/322412401.jpg,/Volumes/Post_Ready/zProd_Server/imageServer7/var/consignment/116428/1047.jpg
/Volumes/Post_Ready/zProd_Server/imageServer7/var/consignment/116428/322412501.jpg,/Volumes/Post_Ready/zProd_Server/imageServer7/var/consignment/116428/1064.jpg
/Volumes/Post_Ready/zProd_Server/imageServer7/var/consignment/116428/322412601.jpg,/Volumes/Post_Ready/zProd_Server/imageServer7/var/consignment/116428/1078.jpg
/Volumes/Post_Ready/zProd_Server/imageServer7/var/consignment/116428/322412701.jpg,/Volumes/Post_Ready/zProd_Server/imageServer7/var/consignment/116428/1082.jpg
/Volumes/Post_Ready/zProd_Server/imageServer7/var/consignment/116428/322412801.jpg,/Volumes/Post_Ready/zProd_Server/imageServer7/var/consignment/116428/1089.jpg
/Volumes/Post_Ready/zProd_Server/imageServer7/var/consignment/116428/322412901.jpg,/Volumes/Post_Ready/zProd_Server/imageServer7/var/consignment/116428/1095.jpg
/Volumes/Post_Ready/zProd_Server/imageServer7/var/consignment/116428/322413001.jpg,/Volumes/Post_Ready/zProd_Server/imageServer7/var/consignment/116428/1099.jpg
/Volumes/Post_Ready/zProd_Server/imageServer7/var/consignment/116428/322413101.jpg,/Volumes/Post_Ready/zProd_Server/imageServer7/var/consignment/116428/1114.jpg
/Volumes/Post_Ready/zProd_Server/imageServer7/var/consignment/116428/322413201.jpg,/Volumes/Post_Ready/zProd_Server/imageServer7/var/consignment/116428/1126.jpg
/Volumes/Post_Ready/zProd_Server/imageServer7/var/consignment/116428/322413301.jpg,/Volumes/Post_Ready/zProd_Server/imageServer7/var/consignment/116428/1130.jpg
/Volumes/Post_Ready/zProd_Server/imageServer7/var/consignment/116428/322413501.jpg,/Volumes/Post_Ready/zProd_Server/imageServer7/var/consignment/116428/1143.jpg
/Volumes/Post_Ready/zProd_Server/imageServer7/var/consignment/116428/322413601.jpg,/Volumes/Post_Ready/zProd_Server/imageServer7/var/consignment/116428/1145.jpg
/Volumes/Post_Ready/zProd_Server/imageServer7/var/consignment/116428/322413701.jpg,/Volumes/Post_Ready/zProd_Server/imageServer7/var/consignment/116428/1153.jpg
/Volumes/Post_Ready/zProd_Server/imageServer7/var/consignment/116428/322413801.jpg,/Volumes/Post_Ready/zProd_Server/imageServer7/var/consignment/116428/1157.jpg
/Volumes/Post_Ready/zProd_Server/imageServer7/var/consignment/116428/322413901.jpg,/Volumes/Post_Ready/zProd_Server/imageServer7/var/consignment/116428/1158.jpg
/Volumes/Post_Ready/zProd_Server/imageServer7/var/consignment/116428/322414001.jpg,/Volumes/Post_Ready/zProd_Server/imageServer7/var/consignment/116428/1159.jpg
/Volumes/Post_Ready/zProd_Server/imageServer7/var/consignment/116428/322414101.jpg,/Volumes/Post_Ready/zProd_Server/imageServer7/var/consignment/116428/1160.jpg
/Volumes/Post_Ready/zProd_Server/imageServer7/var/consignment/116428/322414201.jpg,/Volumes/Post_Ready/zProd_Server/imageServer7/var/consignment/116428/1161.jpg
/Volumes/Post_Ready/zProd_Server/imageServer7/var/consignment/116428/322414301.jpg,/Volumes/Post_Ready/zProd_Server/imageServer7/var/consignment/116428/1166.jpg
/Volumes/Post_Ready/zProd_Server/imageServer7/var/consignment/116428/322414401.jpg,/Volumes/Post_Ready/zProd_Server/imageServer7/var/consignment/116428/1167.jpg
/Volumes/Post_Ready/zProd_Server/imageServer7/var/consignment/116428/322414601.jpg,/Volumes/Post_Ready/zProd_Server/imageServer7/var/consignment/116428/1175.jpg
/Volumes/Post_Ready/zProd_Server/imageServer7/var/consignment/116428/322414701.jpg,/Volumes/Post_Ready/zProd_Server/imageServer7/var/consignment/116428/1179.jpg
/Volumes/Post_Ready/zProd_Server/imageServer7/var/consignment/116428/322414801.jpg,/Volumes/Post_Ready/zProd_Server/imageServer7/var/consignment/116428/1185.jpg
/Volumes/Post_Ready/zProd_Server/imageServer7/var/consignment/116428/322415001.jpg,/Volumes/Post_Ready/zProd_Server/imageServer7/var/consignment/116428/1198.jpg
/Volumes/Post_Ready/zProd_Server/imageServer7/var/consignment/116428/322415101.jpg,/Volumes/Post_Ready/zProd_Server/imageServer7/var/consignment/116428/1228.jpg
/Volumes/Post_Ready/zProd_Server/imageServer7/var/consignment/116428/322415201.jpg,/Volumes/Post_Ready/zProd_Server/imageServer7/var/consignment/116428/1233.jpg
/Volumes/Post_Ready/zProd_Server/imageServer7/var/consignment/116428/322415501.jpg,/Volumes/Post_Ready/zProd_Server/imageServer7/var/consignment/116428/1294.jpg
/Volumes/Post_Ready/zProd_Server/imageServer7/var/consignment/116428/322415701.jpg,/Volumes/Post_Ready/zProd_Server/imageServer7/var/consignment/116428/1343.jpg
